id,repo,language,framework,advisory_url,vulnerable_commit,fixed_commit,expected_cwes
actualbudget-actual-qmjj-p7m9-wjrv,https://github.com/actualbudget/actual,typescript,express,https://github.com/actualbudget/actual/security/advisories/GHSA-qmjj-p7m9-wjrv,ea937d100956ca56689ff852d99c28589e2a7d88,9966c024cb75f57943193cac8e42f401efed9d08,CWE-862; CWE-639
aegra-aegra-ghsa-m98r-6667-4wq7,https://github.com/aegra/aegra,python,fastapi,https://github.com/advisories/GHSA-m98r-6667-4wq7,d7d80c850010a9c5a3d2be59254c19b9eb0e25dd,e1b2042254fd49072ca281bc35b3f2a3bed74b31,CWE-639; CWE-285
askbot-devel-ghsa-r2jv-fwfr-4j8c,https://github.com/askbot/askbot-devel,python,django,https://github.com/askbot/askbot-devel/security/advisories/GHSA-r2jv-fwfr-4j8c,ffae1aee7db8d4c909a412aa763d41f08853a8fa,3da3d75f35204aa71633c7a315327ba39cb6295d,CWE-639
flowise-ghsa-3prp-9gf7-4rxx,https://github.com/FlowiseAI/Flowise,typescript,express,https://github.com/advisories/GHSA-3prp-9gf7-4rxx,9d6a41677759699e886750683ce7753f026b8418,840d2ae14d25230579a58aa4305f8506672a0a45,CWE-284; CWE-639; CWE-915
frangoteam-FUXA-ghsa-8ghr-w65f-j3qr,https://github.com/frangoteam/FUXA,javascript,express,https://github.com/advisories/GHSA-8ghr-w65f-j3qr,7b2088eaae2be318d962dcba34bfc7a7f26837bd,3c945a03f9942fd45a793ab7e3c2d1f1b15b93bf,CWE-862
git-proxy-ghsa-39p2-8hq9-fwj6,https://github.com/finos/git-proxy,typescript,express,https://github.com/finos/git-proxy/security/advisories/GHSA-39p2-8hq9-fwj6,d4d9239a76d1e14d3db7a3ba1b9fd70959ad8678,12fce21a18b86f7637b61dbe25e788528cc6ea93,CWE-285; CWE-862
indico-ghsa-q28v-664f-q6wj,https://github.com/indico/indico,python,flask,https://github.com/indico/indico/security/advisories/GHSA-q28v-664f-q6wj,17ba9730a713b0be704a0670f7016b8bcb59a390,189b0c403610951eba75b6ed9393e650ee0871bb,CWE-639; CWE-862; CWE-200
khoj-ghsa-6whj-7qmg-86qj,https://github.com/khoj-ai/khoj,python,fastapi,https://github.com/khoj-ai/khoj/security/advisories/GHSA-6whj-7qmg-86qj,b8eeefa0b1e8795e21ded99f2ffb7b34c6ab063c,1b7ccd141d47f365edeccc57d7316cb0913d748b,CWE-639; CWE-862
langflow-ghsa-7grx-3xcx-2xv5,https://github.com/langflow-ai/langflow,python,fastapi,https://github.com/advisories/GHSA-7grx-3xcx-2xv5,922a49acac1449bebcc50b2e4ac253e7a1235c92,04b4af6e0f0d71bae10b9d4ce7b30e3377a25cae,CWE-862; CWE-639; CWE-284
langflow-ghsa-8c4j-f57c-35cf,https://github.com/langflow-ai/langflow,python,fastapi,https://github.com/advisories/GHSA-8c4j-f57c-35cf,73c1f203b0205d00928a0af7fa0e0fc93170f03e,d437d018ceba95242fcf4c1279df214d96314f2e,CWE-639; CWE-862
langflow-ghsa-rf6x-r45m-xv3w,https://github.com/langflow-ai/langflow,python,fastapi,https://github.com/langflow-ai/langflow/security/advisories/GHSA-rf6x-r45m-xv3w,36eea7ee9db1ce6119dfd85364f870a219ea2f7c,fdc1b3b1448ff3317d73d3e769a6c4a1717f74d7,CWE-639
mlflow-ghsa-46r5-x6jq-v8g6,https://github.com/mlflow/mlflow,python,flask,https://github.com/advisories/GHSA-46r5-x6jq-v8g6,990c8a780aa111f69842b0f42ce74af467fe9f57,005b959cacda05d1423356cfcbd9ebeda8ff96a7,CWE-862; CWE-639
n8n-ghsa-gq57-v332-7666,https://github.com/n8n-io/n8n,typescript,express,https://github.com/n8n-io/n8n/security/advisories/GHSA-gq57-v332-7666,569e522232b1fc6fcaa7935b4a601b391b96b891,e5edc60e344924230baafb11fa1f0af788e9ca9a,CWE-862; CWE-639
open-webui-ghsa-26g9-27vm-x3q8,https://github.com/open-webui/open-webui,python,fastapi,https://github.com/open-webui/open-webui/security/advisories/GHSA-26g9-27vm-x3q8,4d2f18981051205016bd24d39521e25a33581225,2e52ad8ff2f8d9ed9f38f76e9bc19c8f92d91fc3,CWE-639
outline-ghsa-23jj-rp48-w7q7,https://github.com/outline/outline,typescript,koa,https://github.com/outline/outline/security/advisories/GHSA-23jj-rp48-w7q7,d54a86189416c7e4544283972381ccde7db10c3e,e8bafaa9f3c487e942b7c42c333f97569a9724d1,CWE-639
parse-server-ghsa-5f92-jrq3-28rc,https://github.com/parse-community/parse-server,javascript,express,https://github.com/advisories/GHSA-5f92-jrq3-28rc,efb6cfefc388db1fa908cf6c7589e1b29b3cfbc3,1c58ef787894dcb67623c0fb889820ee1d2ddf1b,CWE-862; CWE-284
payload-puck-ghsa-65w6-pf7x-5g85,https://github.com/delmaredigital/payload-puck,typescript,payload,https://github.com/advisories/GHSA-65w6-pf7x-5g85,7abe44499cf11c4d007e686a4c8cc7ed35cbf0e4,9148201c6bbfa140d44546438027a2f8a70f79a4,CWE-862; CWE-863
plane-ghsa-qw87-v5w3-6vxx,https://github.com/makeplane/plane,python,django-rest-framework,https://github.com/makeplane/plane/security/advisories/GHSA-qw87-v5w3-6vxx,cf696d200d3e222390a01ba20e833eb11a5ed881,ac11c3ef7939e31201fa92a17de106906025590f,CWE-639; CWE-862
pretix-ghsa-pmjj-h5jm-vxh4,https://github.com/pretix/pretix,python,django,https://github.com/advisories/GHSA-pmjj-h5jm-vxh4,703be2ebb82c0d1cacb41fc76e55ba30561414d6,4b5651862c57c6e384822d1d23292342126c479a,CWE-639
rallly-ghsa-4j32-25f9-qgfm,https://github.com/lukevella/rallly,typescript,nextjs-trpc,https://github.com/lukevella/rallly/security/advisories/GHSA-4j32-25f9-qgfm,cbe8e5c2bd7f4d7c65596849359c32d42f18450e,99ba6533bca9edae76e595dc1956ab9a53767ffa,CWE-285; CWE-639
saltcorn-ghsa-9237-rg5p-rhfw,https://github.com/saltcorn/saltcorn,javascript,express,https://github.com/saltcorn/saltcorn/security/advisories/GHSA-9237-rg5p-rhfw,825136d5f998663c1c59a7c4193ac61161ab4b71,5ce43b88c48e04d0d91a83dda47c56cfa46c6efd,CWE-863; CWE-269
strapi-ghsa-495j-h493-42q2,https://github.com/strapi/strapi,typescript,koa,https://github.com/strapi/strapi/security/advisories/GHSA-495j-h493-42q2,909d84b5d830742a38482c5986259067f196fd12,0c6e0953ae1e62afae9329de7ae6d6a5e21b95b8,CWE-639; CWE-200
studiocms-9v82-xrm4-mp52,https://github.com/withstudiocms/studiocms,typescript,astro,https://github.com/withstudiocms/studiocms/security/advisories/GHSA-9v82-xrm4-mp52,66b634c0b0ecbf501c948cc6b7aa1f584ea2561d,66b30b73e32af52ba4d72fbc994a073ae3397749,CWE-639
tandoor-ghsa-v8x3-w674-55p5,https://github.com/TandoorRecipes/recipes,python,django-rest-framework,https://github.com/TandoorRecipes/recipes/security/advisories/GHSA-v8x3-w674-55p5,0b363fb6100e0c5d0044f60f64c0c285f86c786b,84fa837c5412d50758ce32965b49a041517ce28d,CWE-639; CWE-862
wagtail-ghsa-4qvv-g3vr-m348,https://github.com/wagtail/wagtail,python,django,https://github.com/wagtail/wagtail/security/advisories/GHSA-4qvv-g3vr-m348,954c967ff50daaffbace0b18ac9341e35e54a918,01fd3477365a193e6a8270311defb76e890d2719,CWE-862
weblate-ghsa-3pmh-24wp-xpf4,https://github.com/WeblateOrg/weblate,python,django-rest-framework,https://github.com/WeblateOrg/weblate/security/advisories/GHSA-3pmh-24wp-xpf4,a63a2fd3aa40be591d47741b685cc42c9e7ca6ee,84e56f496989d08269b1496fc5e4d97dedb74b36,CWE-284; CWE-285; CWE-639; CWE-862; CWE-863
weblate-ghsa-mpf5-3vph-q75r,https://github.com/WeblateOrg/weblate,python,django-rest-framework,https://github.com/WeblateOrg/weblate/security/advisories/GHSA-mpf5-3vph-q75r,4e06b12cd05d087db68384e09d5f70fe883f2b70,0dd54525b0bcbd83515bc4fc3190f0ed4be96abe,CWE-862
weblate-ghsa-wppc-7cq7-cgfv,https://github.com/WeblateOrg/weblate,python,django-rest-framework,https://github.com/WeblateOrg/weblate/security/advisories/GHSA-wppc-7cq7-cgfv,b49b70bea874648b66006c68c3f49988bc840dae,3f58f9a4152bc0cbdd6eff5954f9c7bc4d9f0af9,CWE-862; CWE-200
wger-ghsa-42cr-w2gr-m54q,https://github.com/wger-project/wger,python,django-rest-framework,https://github.com/wger-project/wger/security/advisories/GHSA-42cr-w2gr-m54q,035a66161dcbdbac8bbd03adbc1bdb071f233274,e964328784e2ee2830a1991d69fadbce86ac9fbf,CWE-639
wger-ghsa-g8gc-6c4h-jg86,https://github.com/wger-project/wger,python,django-rest-framework,https://github.com/wger-project/wger/security/advisories/GHSA-g8gc-6c4h-jg86,a912c313b8fec21469ff47e6f51a1040d03c92e8,29876a1954fe959e4b58ef070170e81703dab60e,CWE-639
